{
	"Entity" : {
		"selectedConnector" : "boolean",
		"borderColor" : "string",
		"borderWidth" : "number",
		"connectors" : "object",
		"fillColor" : "string",
		"selected" : "boolean",
		"visible" : "boolean",
		"position" : "object",
		"minSize" : "boolean",
		"moveType" : "number",
		"moving" : "boolean",
		"locked" : "boolean",
		"radius" : "number",
		"layer" : "string",
		"size" : "object",
		"name" : "string",
		"id" : "number"
	},
	"Rect" : {

	},
	"Paint" : {

	},
	"Arc" : {

	},
	"Table" : {
		"headerColor" : "string",
		"bodyColor" : "string",
		"fontSize" : "number",
		"data" : "object"
	},
	"Text" : {

	},
	"Class" : {

	},
	"Line" : {
		"arrowStartType" : "number",
		"arrowEndType" : "number",
		"movingPoint" : "number",
		"lineStyle" : "number",
		"joinType" : "number",
		"lineType" : "number",
		"lineCap" : "number",
		"points" : "object"
	},
	"Polygon" : {
		"movingPoint" : "number",
		"lineStyle" : "number",
		"joinType" : "number",
		"points" : "object"
	},
	"Join" : {
		"obj1_connector" : "object",
		"obj2_connector" : "object",
		"lineType" : "number",
		"obj1" : "object",
		"obj2" : "object"
	}
}