{
	"lineType" : {
		"label" : "Line type",
		"type" : "text",
		"fields" :  {
			"linear" : {
				"label" : "Linear",
				"type" : "radio",
				"group" : "lineTypeValue",
				"name" : 2000
			},
			"sequencal" : {
				"label" : "Sequencal",
				"type" : "radio",
				"group" : "lineTypeValue",
				"name" : 2002
			},
			"bezier" : {
				"label" : "Bezier",
				"type" : "radio",
				"group" : "lineTypeValue",
				"name" : 2001
			}
		}
	},
	"file" : {
		"label" : "File options",
		"type" : "text",
		"fields" : {
			"normalLine" : {
				"label" : "Normal line",
				"type" : "radio",
				"group" : "lineStyleValue",
				"name" : 2100
			}
		}
	},
	"lineStyle" : {
		"label" : "Line style",
		"type" : "text",
		"fields" : {
			"normalLine" : {
				"label" : "Normal line",
				"type" : "radio",
				"group" : "lineStyleValue",
				"name" : 2100
			},
			"strippedLine" : {
				"label" : "Stripped line",
				"type" : "radio",
				"group" : "lineStyleValue",
				"name" : 2101
			},
			"fillLine" : {
				"label" : "Filled line",
				"type" : "radio",
				"group" : "lineStyleValue",
				"name" : 2102
			}
		}
	},
	"lineCap" : {
		"label" : "Cap type",
		"type" : "text",
		"fields" : {
			"buttCap" : {
				"label" : "Butt cap",
				"type" : "radio",
				"group" : "lineCapValue",
				"name" : "butt"
			},
			"roundCap" : {
				"label" : "Round cap",
				"type" : "radio",
				"group" : "lineCapValue",
				"name" : "round"
			},
			"squareCap" : {
				"label" : "Square cap",
				"type" : "radio",
				"group" : "lineCapValue",
				"name" : "square"
			}
		}
	},
	"joinType" : {
		"label" : "Join type",
		"type" : "text",
		"fields" : {
			"miterJoin" : {
				"label" : "Miter join",
				"type" : "radio",
				"group" : "joinTypeValue",
				"name" : "miter"
			},
			"roundJoin" : {
				"label" : "Round join",
				"type" : "radio",
				"group" : "joinTypeValue",
				"name" : "round"
			},
			"bevelJoin" : {
				"label" : "Bevel join",
				"type" : "radio",
				"group" : "joinTypeValue",
				"name" : "bevel"
			}
		}
	},
	"delete" : {
		"label" : "Delete",
		"type" : "text"
	},
	"changeFillColor" : {
		"label" : "Change fill color",
		"type" : "text"
	},
	"changeBorderColor" : {
		"label" : "Change border color",
		"type" : "text"
	},
	"clearWorkspace" : {
		"label" : "Clear workspace",
		"type" : "text"
	},
	"locked" : {
		"label" : "Locked",
		"type" : "checkbox"
	},
	"editTable" : {
		"label" : "Edit table",
		"type" : "text",
		"fields" : {
			"removeRow" : {
				"label" : "Remove row",
				"type" : "text"
			},
			"removeColumn" : {
				"label" : "Remove column",
				"type" : "text"
			},
			"clearColumn" : {
				"label" : "Clear column",
				"type" : "text"
			},
			"clearRow" : {
				"label" : "Clear row",
				"type" : "text"
			},
			"clearTable" : {
				"label" : "Clear table",
				"type" : "text"
			},
			"addRowBelow" : {
				"label" : "Add row below",
				"type" : "text"
			},
			"addRowAbove" : {
				"label" : "Add row above",
				"type" : "text"
			},
			"addColumnToRight" : {
				"label" : "Add column right",
				"type" : "text"
			},
			"addColumnToLeft" : {
				"label" : "Add column left",
				"type" : "text"
			}

		}
	},
	"visible" : {
		"label" : "Visible",
		"type" : "checkbox"
	},
	"deleteLayer" : {
		"label" : "Delete layer",
		"type" : "text"
	},
	"renameLayer" : {
		"label" : "Rename layer",
		"type" : "text"
	},
	"clearLayer" : {
		"label" : "Clear layer",
		"type" : "text"
	},
	"verticalTextAlign" : {
		"label" : "Vert. align",
		"type" : "text",
		"fields" : {
			"topVAlign" : {
				"label" : "Top",
				"type" : "radio",
				"group" : "valignValue",
				"name" : "top"
			},
			"middleVAlign" : {
				"label" : "Middle",
				"type" : "radio",
				"group" : "valignValue",
				"name" : "middle"
			},
			"bottomVAlign" : {
				"label" : "Bottom",
				"type" : "radio",
				"group" : "valignValue",
				"name" : "bottom"
			}
		}
	},
	"horizontalTextAlign" : {
		"label" : "Hor. align",
		"type" : "text",
		"fields" : {
			"leftHAlign" : {
				"label" : "Left",
				"type" : "radio",
				"group" : "halignValue",
				"name" : "left"
			},
			"centerHAlign" : {
				"label" : "Center",
				"type" : "radio",
				"group" : "halignValue",
				"name" : "center"
			},
			"rightHAlign" : {
				"label" : "Right",
				"type" : "radio",
				"group" : "halignValue",
				"name" : "right"
			}
		}
	},
	"makeCopy" : {
		"label" : "Make copy",
		"type" : "text"
	},
	"radius" : {
		"label" : "Radius",
		"type" : "text",
		"fields" : {
			"0Radius" : {
				"label" : "none",
				"group" : "roundRadius",
				"type" : "radio",
				"name" : 0
			},
			"10%Radius" : {
				"label" : "10%",
				"group" : "roundRadius",
				"type" : "radio",
				"name" : 0.1
			},
			"20%Radius" : {
				"label" : "20%",
				"group" : "roundRadius",
				"type" : "radio",
				"name" : 0.2
			},
			"50%Radius" : {
				"label" : "50%",
				"group" : "roundRadius",
				"type" : "radio",
				"name" : 0.5
			},
			"75%Radius" : {
				"label" : "75%",
				"group" : "roundRadius",
				"type" : "radio",
				"name" : 0.75
			},
			"100%Radius" : {
				"label" : "100%",
				"group" : "roundRadius",
				"type" : "radio",
				"name" : 1
			},
			"10pxRadius" : {
				"label" : "10px",
				"group" : "roundRadius",
				"type" : "radio",
				"name" : "10"
			},
			"20pxRadius" : {
				"label" : "20px",
				"group" : "roundRadius",
				"type" : "radio",
				"name" : "20"
			},
			"40pxRadius" : {
				"label" : "40px",
				"group" : "roundRadius",
				"type" : "radio",
				"name" : "40"
			},
			"80pxRadius" : {
				"label" : "80px",
				"group" : "roundRadius",
				"type" : "radio",
				"name" : "80"
			}
		}
	},
	"lineWidth" : {
		"label" : "Line width",
		"type" : "text",
		"fields" : {
			"1pxWidth" : {
				"label" : "1 px",
				"group" : "widthValue",
				"type" : "widthValue",
				"name" : 1
			},
			"2pxWidth" : {
				"label" : "2 px",
				"group" : "widthValue",
				"type" : "widthValue",
				"name" : 2
			},
			"5pxWidth" : {
				"label" : "5 px",
				"group" : "widthValue",
				"type" : "widthValue",
				"name" : 5
			},
			"10pxWidth" : {
				"label" : "10 px",
				"group" : "widthValue",
				"type" : "widthValue",
				"name" : 10
			},
			"20pxWidth" : {
				"label" : "20 px",
				"group" : "widthValue",
				"type" : "widthValue",
				"name" : 20
			},
			"otherWidth" : {
				"label" : "custom width",
				"type" : "text"
			}
		}
	},
	"arrowEndType": {
		"label" : "Arrow end type",
		"type" : "text",
		"fields" : {
			"arrowEndNone": {
				"label": "none",
				"group": "arrowEndType",
				"type" : "radio",
				"name": 0
			},
			"arrowEnd0": {
				"label": "classic",
				"group": "arrowEndType",
				"type" : "radio",
				"name": 2210
			},
			"arrowEnd1": {
				"label": "closed",
				"group": "arrowEndType",
				"type" : "radio",
				"name": 2211
			},
			"arrowEnd2": {
				"label": "filled",
				"group": "arrowEndType",
				"type" : "radio",
				"name": 2212
			},
			"arrowEnd3": {
				"label": "diamond",
				"group": "arrowEndType",
				"type" : "radio",
				"name": 2213
			},
			"arrowEnd4": {
				"label": "diamond filled",
				"group": "arrowEndType",
				"type" : "radio",
				"name": 2214
			}


		}
	},
	"arrowStartType": {
		"label" : "Arrow start type",
		"type" : "text",
		"fields" : {
			"arrowStartNone": {
				"label": "none",
				"group": "arrowStartType",
				"type" : "radio",
				"name": 0
			},
			"arrowStart0": {
				"label": "classic",
				"group": "arrowStartType",
				"type" : "radio",
				"name": 2210
			},
			"arrowStart1": {
				"label": "closed",
				"group": "arrowStartType",
				"type" : "radio",
				"name": 2211
			},
			"arrowStart2": {
				"label": "filled",
				"group": "arrowStartType",
				"type" : "radio",
				"name": 2212
			},
			"arrowStart3": {
				"label": "diamond",
				"group": "arrowStartType",
				"type" : "radio",
				"name": 2213
			},
			"arrowStart4": {
				"label": "diamond filled",
				"group": "arrowStartType",
				"type" : "radio",
				"name": 2214
			}
		}
	}
}