{
	"mainMenu" : {
		"tools" : {
			"visible" : true,
			"disabled" : false
		},
		"file": {
			"visible" : true,
			"disabled" : false
		},
		"content" : {
			"visible" : true,
			"disabled" : false
		},
		"sharing": {
			"visible" : true,
			"disabled" : false
		},
		"options" : {
			"visible" : true,
			"disabled" : true
		},
		"help" : {
			"visible" : true,
			"disabled" : true
		},
		"ctrl": {
			"visible" : true,
			"disabled" : true
		},
		"lineWidth" : {
			"visible" : false,
			"disabled" : true
		},
		"brushes" : {
			"visible" : false,
			"disabled" : true
		}
	},
	"tools": {
		"draw": {
			"visible" : true,
			"disabled" : false
		},
		"rect": {
			"visible" : true,
			"disabled" : false
		},
		"line": {
			"visible" : true,
			"disabled" : false
		},
		"arc": {
			"visible" : true,
			"disabled" : false
		},
		"text": {
			"visible" : true,
			"disabled" : true
		},
		"join": {
			"visible" : true,
			"disabled" : false
		},
		"table": {
			"visible" : true,
			"disabled" : true
		},
		"class": {
			"visible" : true,
			"disabled" : true
		},
		"image": {
			"visible" : true,
			"disabled" : true
		}
	},
	"file": {
		"saveImg" : {
			"visible" : true,
			"disabled" : false
		},
		"saveXML" : {
			"visible" : true,
			"disabled" : false
		},
		"loadXML" : {
			"visible" : true,
			"disabled" : false
		}
	},
	"content": {
		"loadLocalImage" : {
			"visible" : true,
			"disabled" : false
		},
		"loadLocalHTML" : {
			"visible" : true,
			"disabled" : false
		},
		"loadExternalImage" : {
			"visible" : true,
			"disabled" : false
		},
		"loadExternalHTML" : {
			"visible" : true,
			"disabled" : false
		}
	},
	"sharing": {
		"startShare" : {
			"visible" : true,
			"disabled" : false
		},
		"stopShare" : {
			"visible" : true,
			"disabled" : true
		},
		"shareOptions" : {
			"visible" : true,
			"disabled" : true
		},
		"watch" : {
			"visible" : true,
			"disabled" : true
		}
	},
	"lineWidth" : {
		"defaultWidth" : {
			"visible" : true,
			"values" : [1, 2, 5, 10, 20]
		}
	},
	"brushes" : {
		"defaultBrushes" : {
			"visible" : true,
			"values" : ["brush1.png", "brush2.png", "brush3.png"]
		}
	}
}